Регистрационный номер заявления,Дата заявления
Л-241,27.02.2025
Л-199,20.02.2025
Л-186,18.02.2025
Л-173,14.02.2025
Л-170,13.02.2025
Л-161,12.02.2025
Л-160,12.02.2025
Л-155,10.02.2025
Л-144,06.02.2025
Л-129,04.02.2025
Л-127,04.02.2025
Л-124,03.02.2025
Л-123,03.02.2025
Л-119,03.02.2025
Л-116,31.01.2025
Л-112,29.01.2025
Л-109,28.01.2025
Л-108,28.01.2025
Л-106,28.01.2025
Л-104,27.01.2025
Л-103,27.01.2025
Л-98,27.01.2025
Л-97,27.01.2025
Л-96,27.01.2025
Л-95,27.01.2025
Л-94,27.01.2025
Л-93,27.01.2025
Л-92,24.01.2025
Л-91,24.01.2025
Л-83,24.01.2025
Л-80,24.01.2025
Л-79,24.01.2025
Л-78,24.01.2025
Л-75,23.01.2025
Л-74,23.01.2025
Л-73,23.01.2025
Л-70,23.01.2025
Л-69,23.01.2025
Л-66,22.01.2025
Л-65,22.01.2025
Л-64,22.01.2025
Л-59,21.01.2025
Л-58,20.01.2025
Л-57,20.01.2025
Л-56,20.01.2025
Л-55,20.01.2025
Л-53,20.01.2025
Л-52,20.01.2025
Л-49,17.01.2025
Л-47,17.01.2025
Л-45,17.01.2025
Л-44,16.01.2025
Л-42,16.01.2025
Л-41,16.01.2025
Л-40,16.01.2025
Л-39,15.01.2025
Л-36,15.01.2025
Л-34,15.01.2025
Л-30,13.01.2025
Л-29,13.01.2025
Л-27,13.01.2025
Л-22,10.01.2025
Л-20,10.01.2025
Л-19,10.01.2025
Л-18,10.01.2025
Л-17,10.01.2025
Л-16,09.01.2025
Л-15,09.01.2025
Л-14,09.01.2025
Л-13,09.01.2025
Л-12,09.01.2025
Л-11,09.01.2025
Л-10,09.01.2025
Л-8,09.01.2025
Л-7,09.01.2025
Л-6,09.01.2025
Л-4,09.01.2025
Л-1,09.01.2025
Л-1711,28.12.2024
Л-1710,28.12.2024
Л-1709,28.12.2024
Л-1705,27.12.2024
Л-1703,27.12.2024
Л-1702,27.12.2024
Л-1700,27.12.2024
Л-1699,26.12.2024
Л-1698,26.12.2024
Л-1696,26.12.2024
Л-1694,26.12.2024
Л-1691,25.12.2024
Л-1689,25.12.2024
Л-1687,25.12.2024
Л-1684,24.12.2024
Л-1682,24.12.2024
Л-1680,24.12.2024
Л-1679,24.12.2024
Л-1673,23.12.2024
Л-1672,23.12.2024
Л-1669,23.12.2024
Л-1667,20.12.2024
Л-1660,18.12.2024
Л-1659,18.12.2024
Л-1655,17.12.2024
Л-1654,17.12.2024
Л-1651,17.12.2024
Л-1650,17.12.2024
Л-1649,17.12.2024
Л-1647,16.12.2024
Л-1640,16.12.2024
Л-1639,16.12.2024
Л-1637,16.12.2024
Л-1636,16.12.2024
Л-1635,16.12.2024
Л-1634,16.12.2024
Л-1633,16.12.2024
Л-1632,16.12.2024
Л-1631,13.12.2024
Л-1630,13.12.2024
Л-1629,13.12.2024
Л-1627,13.12.2024
Л-1626,13.12.2024
Л-1625,13.12.2024
Л-1624,13.12.2024
Л-1622,12.12.2024
Л-1621,12.12.2024
Л-1618,11.12.2024
Л-1616,10.12.2024
Л-1614,10.12.2024
Л-1612,10.12.2024
Л-1610,09.12.2024
Л-1609,09.12.2024
Л-1608,09.12.2024
Л-1607,09.12.2024
Л-1606,09.12.2024
Л-1605,09.12.2024
Л-1604,09.12.2024
Л-1603,09.12.2024
Л-1602,09.12.2024
Л-1601,09.12.2024
Л-1600,09.12.2024
Л-1599,09.12.2024
Л-1595,06.12.2024
Л-1594,06.12.2024
Л-1587,05.12.2024
Л-1585,05.12.2024
Л-1584,05.12.2024
Л-1583,05.12.2024
Л-1582,05.12.2024
Л-1580,05.12.2024
Л-1579,05.12.2024
Л-1577,05.12.2024
Л-1576,05.12.2024
Л-1575,05.12.2024
Л-1574,04.12.2024
Л-1573,04.12.2024
Л-1571,04.12.2024
Л-1569,04.12.2024
Л-1566,03.12.2024
Л-1563,02.12.2024
Л-1561,02.12.2024
Л-1560,02.12.2024
Л-1559,02.12.2024
Л-1558,02.12.2024
Л-1557,02.12.2024
Л-1556,02.12.2024
Л-1555,02.12.2024
Л-1550,02.12.2024
Л-1549,02.12.2024
Л-1548,02.12.2024
Л-1547,02.12.2024
Л-1544,28.11.2024
Л-1540,27.11.2024
Л-1539,27.11.2024
Л-1538,27.11.2024
Л-1537,27.11.2024
Л-1536,27.11.2024
Л-1535,27.11.2024
Л-1533,26.11.2024
Л-1532,26.11.2024
Л-1531,26.11.2024
Л-1530,26.11.2024
Л-1529,26.11.2024
Л-1526,25.11.2024
Л-1525,25.11.2024
Л-1524,22.11.2024
Л-1522,22.11.2024
Л-1520,21.11.2024
Л-1519,20.11.2024
Л-1518,20.11.2024
Л-1517,20.11.2024
Л-1514,20.11.2024
Л-1510,19.11.2024
Л-1509,19.11.2024
Л-1508,19.11.2024
Л-1507,18.11.2024
Л-1506,18.11.2024
Л-1505,18.11.2024
Л-1504,18.11.2024
Л-1503,18.11.2024
Л-1500,15.11.2024
Л-1499,15.11.2024
Л-1498,14.11.2024
Л-1496,14.11.2024
Л-1495,14.11.2024
Л-1494,14.11.2024
Л-1493,14.11.2024
Л-1492,13.11.2024
Л-1491,13.11.2024
Л-1490,13.11.2024
Л-1489,13.11.2024
Л-1488,13.11.2024
Л-1487,13.11.2024
Л-1486,13.11.2024
Л-1485,12.11.2024
Л-1484,11.11.2024
Л-1483,11.11.2024
Л-1481,11.11.2024
Л-1480,11.11.2024
Л-1478,08.11.2024
Л-1475,07.11.2024
Л-1474,07.11.2024
Л-1473,07.11.2024
Л-1472,07.11.2024
Л-1470,07.11.2024
Л-1467,06.11.2024
Л-1466,06.11.2024
Л-1465,06.11.2024
Л-1464,06.11.2024
Л-1463,06.11.2024
Л-1461,05.11.2024
Л-1460,05.11.2024
Л-1459,05.11.2024
Л-1458,05.11.2024
Л-1457,05.11.2024
Л-1456,05.11.2024
Л-1455,05.11.2024
Л-1454,02.11.2024
Л-1453,02.11.2024
Л-1452,02.11.2024
Л-1450,02.11.2024
Л-1449,02.11.2024
Л-1448,02.11.2024
Л-1447,02.11.2024
Л-1446,01.11.2024
Л-1445,01.11.2024
Л-1444,01.11.2024
Л-1440,31.10.2024
Л-1439,31.10.2024
Л-1438,31.10.2024
Л-1437,31.10.2024
Л-1435,31.10.2024
Л-1432,30.10.2024
Л-1431,30.10.2024
Л-1430,30.10.2024
Л-1429,30.10.2024
Л-1426,29.10.2024
Л-1425,29.10.2024
Л-1422,29.10.2024
Л-1421,29.10.2024
Л-1420,29.10.2024
Л-1418,28.10.2024
Л-1416,28.10.2024
Л-1414,28.10.2024
Л-1413,28.10.2024
Л-1411,25.10.2024
Л-1410,25.10.2024
Л-1409,25.10.2024
Л-1404,25.10.2024
Л-1400,24.10.2024
Л-1399,24.10.2024
Л-1398,24.10.2024
Л-1397,24.10.2024
Л-1396,24.10.2024
Л-1395,24.10.2024
Л-1394,24.10.2024
Л-1391,23.10.2024
Л-1389,22.10.2024
Л-1387,22.10.2024
Л-1384,21.10.2024
Л-1381,21.10.2024
Л-1380,19.10.2024
Л-1378,18.10.2024
Л-1376,18.10.2024
Л-1374,18.10.2024
Л-1372,18.10.2024
Л-1371,18.10.2024
Л-1370,18.10.2024
Л-1369,17.10.2024
Л-1368,17.10.2024
Л-1365,16.10.2024
Л-1363,16.10.2024
Л-1359,15.10.2024
Л-1358,15.10.2024
Л-1357,15.10.2024
Л-1356,14.10.2024
Л-1354,14.10.2024
Л-1353,11.10.2024
Л-1352,11.10.2024
Л-1351,11.10.2024
Л-1350,11.10.2024
Л-1347,10.10.2024
Л-1346,10.10.2024
Л-1344,10.10.2024
Л-1338,09.10.2024
Л-1337,09.10.2024
Л-1336,09.10.2024
Л-1333,08.10.2024
Л-1332,08.10.2024
Л-1331,08.10.2024
Л-1330,08.10.2024
Л-1329,07.10.2024
Л-1328,07.10.2024
Л-1326,07.10.2024
Л-1325,07.10.2024
Л-1324,04.10.2024
Л-1323,04.10.2024
Л-1321,04.10.2024
Л-1317,04.10.2024
Л-1316,04.10.2024
Л-1315,03.10.2024
Л-1314,03.10.2024
Л-1313,03.10.2024
Л-1312,03.10.2024
Л-1304,02.10.2024
Л-1301,02.10.2024
Л-1300,01.10.2024
Л-1299,01.10.2024
Л-1297,01.10.2024
Л-1293,30.09.2024
Л-1292,30.09.2024
Л-1291,30.09.2024
Л-1290,30.09.2024
Л-1289,30.09.2024
Л-1288,30.09.2024
Л-1286,30.09.2024
Л-1285,30.09.2024
Л-1284,30.09.2024
Л-1283,30.09.2024
Л-1281,27.09.2024
Л-1280,27.09.2024
Л-1278,27.09.2024
Л-1274,26.09.2024
Л-1273,26.09.2024
Л-1271,25.09.2024
Л-1270,25.09.2024
Л-1269,25.09.2024
Л-1267,24.09.2024
Л-1266,24.09.2024
Л-1263,24.09.2024
Л-1261,24.09.2024
Л-1260,24.09.2024
Л-1257,23.09.2024
Л-1256,20.09.2024
Л-1255,20.09.2024
Л-1251,19.09.2024
Л-1248,19.09.2024
Л-1247,19.09.2024
Л-1243,17.09.2024
Л-1242,17.09.2024
Л-1241,17.09.2024
Л-1240,17.09.2024
Л-1239,17.09.2024
Л-1233,16.09.2024
Л-1232,16.09.2024
Л-1231,16.09.2024
Л-1230,16.09.2024
Л-1228,15.09.2024
Л-1227,14.09.2024
Л-1225,13.09.2024
Л-1224,13.09.2024
Л-1223,13.09.2024
Л-1222,13.09.2024
Л-1221,13.09.2024
Л-1220,13.09.2024
Л-1218,13.09.2024
Л-1217,13.09.2024
Л-1215,13.09.2024
Л-1214,12.09.2024
Л-1210,12.09.2024
Л-1208,12.09.2024
Л-1207,11.09.2024
Л-1205,11.09.2024
Л-1203,11.09.2024
Л-1202,11.09.2024
Л-1201,11.09.2024
Л-1200,11.09.2024
Л-1199,10.09.2024
Л-1198,10.09.2024
Л-1197,10.09.2024
Л-1193,09.09.2024
Л-1192,09.09.2024
Л-1191,09.09.2024
Л-1190,09.09.2024
Л-1189,09.09.2024
Л-1188,09.09.2024
Л-1187,09.09.2024
Л-1186,09.09.2024
Л-1185,09.09.2024
Л-1184,09.09.2024
Л-1181,09.09.2024
Л-1180,09.09.2024
Л-1177,06.09.2024
Л-1176,06.09.2024
Л-1175,06.09.2024
Л-1173,06.09.2024
Л-1170,06.09.2024
Л-1169,05.09.2024
Л-1167,05.09.2024
Л-1165,05.09.2024
Л-1164,05.09.2024
Л-1162,04.09.2024
Л-1161,04.09.2024
Л-1160,04.09.2024
Л-1159,04.09.2024
Л-1158,03.09.2024
Л-1156,03.09.2024
Л-1153,02.09.2024
Л-1152,02.09.2024
Л-1151,02.09.2024
Л-1149,02.09.2024
Л-1148,02.09.2024
Л-1147,02.09.2024
Л-1145,02.09.2024
Л-1144,02.09.2024
Л-1143,02.09.2024
Л-1142,02.09.2024
Л-1140,30.08.2024
Л-1139,30.08.2024
Л-1137,30.08.2024
Л-1136,30.08.2024
Л-1135,30.08.2024
Л-1133,30.08.2024
Л-1131,29.08.2024
Л-1129,29.08.2024
Л-1127,29.08.2024
Л-1126,29.08.2024
Л-1125,28.08.2024
Л-1124,28.08.2024
Л-1123,28.08.2024
Л-1122,28.08.2024
Л-1120,27.08.2024
Л-1119,27.08.2024
Л-1117,27.08.2024
Л-1116,27.08.2024
Л-1114,27.08.2024
Л-1112,26.08.2024
Л-1111,26.08.2024
Л-1110,25.08.2024
Л-1109,23.08.2024
Л-1108,23.08.2024
Л-1106,23.08.2024
Л-1105,22.08.2024
Л-1102,21.08.2024
Л-1101,21.08.2024
Л-1099,20.08.2024
Л-1098,20.08.2024
Л-1095,19.08.2024
Л-1091,19.08.2024
Л-1086,16.08.2024
Л-1085,16.08.2024
Л-1084,16.08.2024
Л-1083,16.08.2024
Л-1082,15.08.2024
Л-1081,15.08.2024
Л-1078,14.08.2024
Л-1076,14.08.2024
Л-1074,14.08.2024
Л-1069,14.08.2024
Л-1066,13.08.2024
Л-1065,13.08.2024
Л-1064,13.08.2024
Л-1062,13.08.2024
Л-1059,13.08.2024
Л-1053,12.08.2024
Л-1050,12.08.2024
Л-1049,12.08.2024
Л-1048,09.08.2024
Л-1047,09.08.2024
Л-1045,09.08.2024
Л-1044,09.08.2024
Л-1042,09.08.2024
Л-1041,08.08.2024
Л-1039,08.08.2024
Л-1038,07.08.2024
Л-1037,07.08.2024
Л-1035,07.08.2024
Л-1033,06.08.2024
Л-1032,06.08.2024
Л-1031,06.08.2024
Л-1030,06.08.2024
Л-1029,05.08.2024
Л-1028,05.08.2024
Л-1027,05.08.2024
Л-1025,05.08.2024
Л-1023,05.08.2024
Л-1022,02.08.2024
Л-1021,02.08.2024
Л-1017,02.08.2024
Л-1016,02.08.2024
Л-1015,01.08.2024
Л-1013,01.08.2024
Л-1012,01.08.2024
Л-1011,01.08.2024
Л-1010,31.07.2024
Л-1008,31.07.2024
Л-1007,30.07.2024
Л-1003,29.07.2024
Л-1000,29.07.2024
Л-997,26.07.2024
Л-996,26.07.2024
Л-994,25.07.2024
Л-993,25.07.2024
Л-992,25.07.2024
Л-991,25.07.2024
Л-990,25.07.2024
Л-987,25.07.2024
Л-986,25.07.2024
Л-985,25.07.2024
Л-984,25.07.2024
Л-978,25.07.2024
Л-977,25.07.2024
Л-976,25.07.2024
Л-975,24.07.2024
Л-974,24.07.2024
Л-973,24.07.2024
Л-972,24.07.2024
Л-971,24.07.2024
Л-969,24.07.2024
Л-968,24.07.2024
Л-967,23.07.2024
Л-966,23.07.2024
Л-965,23.07.2024
Л-963,23.07.2024
Л-962,23.07.2024
Л-961,22.07.2024
Л-960,22.07.2024
Л-959,22.07.2024
Л-956,19.07.2024
Л-955,19.07.2024
Л-953,19.07.2024
Л-951,19.07.2024
Л-950,19.07.2024
Л-947,18.07.2024
Л-946,18.07.2024
Л-945,18.07.2024
Л-943,17.07.2024
Л-942,17.07.2024
Л-941,17.07.2024
Л-939,17.07.2024
Л-937,17.07.2024
Л-936,17.07.2024
Л-933,17.07.2024
Л-929,17.07.2024
Л-928,17.07.2024
Л-927,16.07.2024
Л-924,16.07.2024
Л-923,16.07.2024
Л-922,15.07.2024
Л-921,15.07.2024
Л-918,15.07.2024
Л-917,15.07.2024
Л-916,15.07.2024
Л-915,15.07.2024
Л-914,12.07.2024
Л-913,12.07.2024
Л-912,12.07.2024
Л-911,12.07.2024
Л-910,12.07.2024
Л-909,12.07.2024
Л-907,12.07.2024
Л-906,12.07.2024
Л-905,12.07.2024
Л-904,12.07.2024
Л-903,11.07.2024
Л-902,11.07.2024
Л-901,11.07.2024
Л-900,11.07.2024
Л-899,11.07.2024
Л-897,10.07.2024
Л-896,10.07.2024
Л-895,10.07.2024
Л-894,10.07.2024
Л-893,09.07.2024
Л-892,09.07.2024
Л-889,09.07.2024
Л-888,09.07.2024
Л-887,09.07.2024
Л-885,08.07.2024
Л-884,08.07.2024
Л-882,08.07.2024
Л-879,08.07.2024
Л-878,08.07.2024
Л-877,05.07.2024
Л-876,05.07.2024
Л-874,05.07.2024
Л-872,04.07.2024
Л-871,04.07.2024
Л-870,04.07.2024
Л-869,04.07.2024
Л-867,04.07.2024
Л-864,03.07.2024
Л-863,03.07.2024
Л-857,02.07.2024
Л-855,02.07.2024
Л-854,02.07.2024
Л-853,02.07.2024
Л-849,01.07.2024
Л-848,01.07.2024
Л-847,01.07.2024
Л-846,01.07.2024
Л-843,01.07.2024
Л-842,01.07.2024
Л-841,01.07.2024
Л-840,01.07.2024
Л-839,01.07.2024
Л-838,01.07.2024
Л-834,28.06.2024
Л-833,28.06.2024
Л-832,28.06.2024
Л-831,28.06.2024
Л-828,27.06.2024
Л-827,27.06.2024
Л-826,27.06.2024
Л-822,26.06.2024
Л-820,26.06.2024
Л-816,25.06.2024
Л-815,25.06.2024
Л-814,25.06.2024
Л-813,25.06.2024
Л-812,25.06.2024
Л-811,25.06.2024
Л-810,25.06.2024
Л-809,25.06.2024
Л-808,24.06.2024
Л-807,24.06.2024
Л-806,24.06.2024
Л-805,24.06.2024
Л-802,21.06.2024
Л-801,21.06.2024
Л-800,21.06.2024
Л-799,21.06.2024
Л-798,21.06.2024
Л-797,21.06.2024
Л-796,21.06.2024
Л-795,21.06.2024
Л-794,20.06.2024
Л-792,20.06.2024
Л-791,20.06.2024
Л-789,20.06.2024
Л-788,19.06.2024
Л-783,19.06.2024
Л-782,19.06.2024
Л-781,19.06.2024
Л-780,19.06.2024
Л-779,19.06.2024
Л-778,18.06.2024
Л-776,18.06.2024
Л-775,18.06.2024
Л-774,18.06.2024
Л-772,18.06.2024
Л-771,18.06.2024
Л-769,17.06.2024
Л-768,17.06.2024
Л-767,17.06.2024
Л-766,17.06.2024
Л-765,17.06.2024
Л-760,17.06.2024
Л-759,17.06.2024
Л-757,17.06.2024
Л-756,14.06.2024
Л-755,14.06.2024
Л-754,14.06.2024
Л-751,14.06.2024
Л-750,14.06.2024
Л-748,14.06.2024
Л-747,14.06.2024
Л-742,13.06.2024
Л-741,13.06.2024
Л-738,11.06.2024
Л-737,11.06.2024
Л-735,10.06.2024
Л-731,10.06.2024
Л-730,10.06.2024
Л-726,10.06.2024
Л-724,07.06.2024
Л-723,07.06.2024
Л-722,06.06.2024
Л-720,06.06.2024
Л-719,06.06.2024
Л-716,05.06.2024
Л-714,04.06.2024
Л-713,04.06.2024
Л-710,03.06.2024
Л-709,03.06.2024
Л-705,03.06.2024
Л-703,03.06.2024
Л-702,03.06.2024
Л-699,03.06.2024
Л-698,03.06.2024
Л-697,03.06.2024
Л-696,03.06.2024
Л-692,31.05.2024
Л-691,31.05.2024
Л-690,31.05.2024
Л-689,31.05.2024
Л-687,31.05.2024
Л-685,31.05.2024
Л-681,30.05.2024
Л-674,28.05.2024
Л-673,28.05.2024
Л-669,27.05.2024
Л-644,22.05.2024
Л-642,21.05.2024
Л-634,21.05.2024
Л-573,06.05.2024
Л-90,24.01.2025
Л-89,24.01.2025
Л-88,24.01.2025
Л-87,24.01.2025
Л-86,24.01.2025
Л-85,24.01.2025
Л-82,24.01.2025
Л-72,23.01.2025
Л-63,22.01.2025
Л-1685,24.12.2024
Л-1443,01.11.2024
Л-1433,30.10.2024
Л-1327,07.10.2024
Л-1264,24.09.2024
Л-1229,16.09.2024
Л-1168,05.09.2024
Л-1166,05.09.2024
Л-1155,03.09.2024
Л-1154,03.09.2024
Л-1026,05.08.2024
Л-989,25.07.2024
Л-934,17.07.2024
Л-881,08.07.2024
Л-852,02.07.2024
Л-793,20.06.2024
Л-1554,02.12.2024
Л-1554,02.12.2024
Л-1553,02.12.2024
Л-1552,02.12.2024
